Date,Name,Year,Letterboxd URI
2017-12-15,Summer with Monika,1953,https://boxd.it/JZC
2017-12-15,La La Land,2016,https://boxd.it/a5fa
2017-12-15,Pulp Fiction,1994,https://boxd.it/29Pq
2017-12-15,Inception,2010,https://boxd.it/1skk
2017-12-15,Her,2013,https://boxd.it/4O24
2017-12-15,The Wolf of Wall Street,2013,https://boxd.it/3C1m
2017-12-15,Drive,2011,https://boxd.it/IG
2017-12-15,Rogue One: A Star Wars Story,2016,https://boxd.it/aPvy
2017-12-15,Inglourious Basterds,2009,https://boxd.it/1JzG
2017-12-15,Blade Runner,1982,https://boxd.it/2bcA
2017-12-15,The Shining,1980,https://boxd.it/29Nu
2017-12-15,The Avengers,2012,https://boxd.it/1xFW
2017-12-15,Nightcrawler,2014,https://boxd.it/780m
2017-12-15,Alien,1979,https://boxd.it/2awY
2017-12-15,The Empire Strikes Back,1980,https://boxd.it/27Vw
2017-12-15,Captain America: Civil War,2016,https://boxd.it/89Ja
2017-12-15,Gravity,2013,https://boxd.it/GZY
2017-12-15,2001: A Space Odyssey,1968,https://boxd.it/2bf0
2017-12-15,The Dark Knight Rises,2012,https://boxd.it/H3m
2017-12-20,Chernobyl Diaries,2012,https://boxd.it/3h4a
2017-12-20,The Lost Boys,1987,https://boxd.it/28DI
2017-12-27,The Neon Demon,2016,https://boxd.it/9AnW
2017-12-29,Pixels,2015,https://boxd.it/7BaA
2017-12-31,Spectre,2015,https://boxd.it/6bXY
2017-12-31,Iron Man,2008,https://boxd.it/28dA
2017-12-31,Christine,1983,https://boxd.it/1ZRQ
2018-01-15,Small Town Killers,2017,https://boxd.it/f4n8
2018-01-17,National Treasure,2004,https://boxd.it/27x0
2018-01-21,The Paperboy,2012,https://boxd.it/2T8i
2018-01-24,The Curious Case of Benjamin Button,2008,https://boxd.it/23Fk
2018-01-24,Titanic II,2010,https://boxd.it/QMg
2018-01-25,Jack Reacher: Never Go Back,2016,https://boxd.it/buAY
2018-01-25,xXx: Return of Xander Cage,2017,https://boxd.it/JqC
2018-01-27,Cop Car,2015,https://boxd.it/9X0G
2018-01-27,"Three Billboards Outside Ebbing, Missouri",2017,https://boxd.it/ceBS
2018-01-30,Shrek,2001,https://boxd.it/29zi
2018-01-30,Return of the Jedi,1983,https://boxd.it/27Vm
2018-01-30,Jaws,1975,https://boxd.it/2a5e
2018-01-30,Bernie,2011,https://boxd.it/3eWe
2018-01-30,King Kong,2005,https://boxd.it/2aLa
2018-02-01,Star Trek Beyond,2016,https://boxd.it/5Ik4
2018-02-06,Ant-Man,2015,https://boxd.it/3vmW
2018-02-07,Need for Speed,2014,https://boxd.it/4p90
2018-02-08,Where the Heart Is,2000,https://boxd.it/1VWM
2018-02-09,Jurassic World,2015,https://boxd.it/4n0g
2018-02-09,Beauty and the Beast,1991,https://boxd.it/1XhG
2018-02-09,Ocean's Thirteen,2007,https://boxd.it/2aEy
2018-02-11,Winchester,2018,https://boxd.it/eGWS
2018-02-12,Cars 3,2017,https://boxd.it/7IPq
2018-02-13,The Adventures of Tintin,2011,https://boxd.it/1Irc
2018-02-13,Ocean's Eleven,2001,https://boxd.it/2aZm
2018-02-15,The End of the Tour,2015,https://boxd.it/7jIE
2018-02-18,Mom and Dad,2017,https://boxd.it/e6BO
2018-02-25,Monsters vs Aliens,2009,https://boxd.it/1M50
2018-03-02,Evan Almighty,2007,https://boxd.it/26s4
2018-03-04,Motocrossed,2001,https://boxd.it/2pPG
2018-03-08,Charlie and the Chocolate Factory,2005,https://boxd.it/2b68
2018-03-15,The Princess Diaries,2001,https://boxd.it/1XCO
2018-03-31,Jason and the Argonauts,1963,https://boxd.it/1TCK
2018-04-02,Take Your Pills,2018,https://boxd.it/i86w
2018-04-17,Helvetica,2007,https://boxd.it/1Qn8
2018-04-17,Star Wars: The Last Jedi,2017,https://boxd.it/5xme
2018-04-24,The Secret of NIMH,1982,https://boxd.it/1Tc8
2018-04-28,The Adventures of Ichabod and Mr. Toad,1949,https://boxd.it/1Q7E
2018-04-28,Network,1976,https://boxd.it/1VqG
2018-04-28,A Man Called Ove,2015,https://boxd.it/bHuY
2018-04-28,Logan's Run,1976,https://boxd.it/1Vma
2018-04-30,Titanic,1997,https://boxd.it/2a2k
2018-05-07,The Fast and the Furious,2001,https://boxd.it/1XMu
2018-05-07,2 Fast 2 Furious,2003,https://boxd.it/2a4g
2018-05-26,Solo: A Star Wars Story,2018,https://boxd.it/bGWs
2018-06-05,The Bourne Ultimatum,2007,https://boxd.it/26Eu
2018-06-07,Johnny Mnemonic,1995,https://boxd.it/1XBQ
2018-06-07,Starchaser: The Legend of Orin,1985,https://boxd.it/1hD6
2018-06-08,The King's Speech,2010,https://boxd.it/dX0
2018-06-12,Tinker Tailor Soldier Spy,2011,https://boxd.it/FRY
2018-08-07,The Last Unicorn,1982,https://boxd.it/1WXQ
2018-09-25,Riki-Oh: The Story of Ricky,1991,https://boxd.it/1IDs
2018-09-25,Kung Fu vs. Yoga,1979,https://boxd.it/jv2
2018-09-25,Roundhay Garden Scene,1888,https://boxd.it/1K32
2018-09-25,Citizen Kane,1941,https://boxd.it/71O
2018-09-25,The Legend of Drunken Master,1994,https://boxd.it/1Si0
2018-09-25,Signs,2002,https://boxd.it/26t2
2018-10-05,The Matrix,1999,https://boxd.it/2a1m
2018-10-05,Excalibur,1981,https://boxd.it/1TDI
2018-10-05,Vertigo,1958,https://boxd.it/2apI
2018-10-08,Drugstore Cowboy,1989,https://boxd.it/2aj6
2018-10-08,A Clockwork Orange,1971,https://boxd.it/2aVE
2018-10-08,Watchmen,2009,https://boxd.it/1QE4
2018-10-08,Zodiac,2007,https://boxd.it/27MO
2018-10-08,American Beauty,1999,https://boxd.it/71Y
2018-10-08,No Country for Old Men,2007,https://boxd.it/21ew
2018-10-08,Amélie,2001,https://boxd.it/2aUc
2018-10-08,Fight Club,1999,https://boxd.it/2a9q
2018-10-09,Taxi Driver,1976,https://boxd.it/2b8y
2018-10-16,The Imaginarium of Doctor Parnassus,2009,https://boxd.it/20DA
2018-10-28,Black Panther,2018,https://boxd.it/8MHs
2018-11-05,"I, Tonya",2017,https://boxd.it/dzR0
2018-12-03,Iron Man 3,2013,https://boxd.it/2cBQ
2018-12-03,Batman v Superman: Dawn of Justice,2016,https://boxd.it/6fBW
2018-12-09,The American Meme,2018,https://boxd.it/iSNG
2018-12-10,Dumplin',2018,https://boxd.it/gXcc
2018-12-13,Hanna,2011,https://boxd.it/DBE
2018-12-29,Mary Queen of Scots,2018,https://boxd.it/gkaG
2019-01-03,Avengers: Infinity War,2018,https://boxd.it/9vEe
2019-01-03,Palo Alto,2013,https://boxd.it/5Nzy
2019-01-03,Bird Box,2018,https://boxd.it/eh1i
2019-01-04,The Informant!,2009,https://boxd.it/1U8c
2019-01-16,Get Out,2017,https://boxd.it/eOCm
2019-01-17,Black Cop,2017,https://boxd.it/gUfM
2019-01-23,Asthma,2014,https://boxd.it/8Ep6
2019-01-25,Deathgasm,2015,https://boxd.it/avNs
2019-01-25,The Toxic Avenger,1984,https://boxd.it/1MAi
2019-01-26,Polar,2019,https://boxd.it/hoZg
2019-03-14,The Time Machine,2002,https://boxd.it/27mG
2019-04-04,The Highwaymen,2019,https://boxd.it/i4ie
2019-07-26,First Man,2018,https://boxd.it/cPym
2019-07-26,"Me, Myself & Irene",2000,https://boxd.it/27nY
2019-07-29,The Ugly Truth,2009,https://boxd.it/1CFi
2019-07-29,Max Keeble's Big Move,2001,https://boxd.it/1dHe
2019-07-30,The Great Hack,2019,https://boxd.it/kL8g
2019-07-30,Joan Didion: The Center Will Not Hold,2017,https://boxd.it/gYJ2
2019-07-31,The Body,2018,https://boxd.it/k60A
2019-07-31,I'm Just F*cking with You,2019,https://boxd.it/lyFo
2019-08-21,Bob Lazar: Area 51 and Flying Saucers,2018,https://boxd.it/iXQA
2019-09-25,The Breakfast Club,1985,https://boxd.it/27q4
2019-09-27,American Psycho,2000,https://boxd.it/28Vs
2019-09-27,Simon Amstell: Set Free,2019,https://boxd.it/n64I
2019-10-03,Isn't It Romantic,2019,https://boxd.it/g1jE
2019-10-22,Mission: Impossible - Fallout,2018,https://boxd.it/bSVc
2019-10-28,Joker,2019,https://boxd.it/h4cS
2019-11-13,Sherlock Holmes,2009,https://boxd.it/1W2A
2019-11-15,Inside Out,2015,https://boxd.it/4KHC
2019-11-16,Home,2015,https://boxd.it/6JxA
2019-11-29,The Abyss,1989,https://boxd.it/26mK
2019-12-02,Hit & Run,2012,https://boxd.it/3GFA
2019-12-09,Miracle on 34th Street,1994,https://boxd.it/1W5k
2019-12-18,Hancock,2008,https://boxd.it/1Zv6
2020-01-01,Toy Story 4,2019,https://boxd.it/9ALu
2020-01-11,Ready Player One,2018,https://boxd.it/aZes
2020-01-13,Quantum of Solace,2008,https://boxd.it/1Vs8
2020-01-13,Ocean's Eight,2018,https://boxd.it/eaai
2020-01-15,Patton,1970,https://boxd.it/1UnQ
2020-01-15,The Adjustment Bureau,2011,https://boxd.it/16T8
2020-01-15,Paul,2011,https://boxd.it/13uE
2020-01-19,Magnolia,1999,https://boxd.it/2aze
2020-01-20,Casino Royale,2006,https://boxd.it/1alk
2020-01-25,Enemy at the Gates,2001,https://boxd.it/29s2
2020-02-11,Girl Most Likely,2012,https://boxd.it/2nga
2020-02-16,Horse Girl,2020,https://boxd.it/oioi
2020-02-17,Parasite,2019,https://boxd.it/hTha
2020-02-18,Ford v Ferrari,2019,https://boxd.it/ce74
2020-02-20,Legend,2015,https://boxd.it/8qZY
2020-02-20,Elizabeth: The Golden Age,2007,https://boxd.it/24d2
2020-03-01,Homecoming: A Film by Beyoncé,2019,https://boxd.it/lS2Q
2020-03-04,Steve Jobs,2015,https://boxd.it/araG
2020-03-10,Spenser Confidential,2020,https://boxd.it/log4
2020-03-17,Brooklyn,2015,https://boxd.it/5bdk
2020-03-21,1917,2019,https://boxd.it/jj4y
2020-03-31,Lady Bird,2017,https://boxd.it/dGNE
2020-04-01,The Platform,2019,https://boxd.it/mUm6
2020-04-02,Star Wars: The Rise of Skywalker,2019,https://boxd.it/5xlK
2020-04-02,Terminal,2018,https://boxd.it/dqSo
2020-04-07,Salt,2010,https://boxd.it/1rtK
2020-04-09,The Roommate,2011,https://boxd.it/ENw
2020-04-12,The Social Network,2010,https://boxd.it/17ue
2020-04-15,A Beautiful Day in the Neighborhood,2019,https://boxd.it/i7vA
2020-04-20,The Impossible,2012,https://boxd.it/2N9k
2020-04-26,The Wicker Man,2006,https://boxd.it/1XZS
2020-04-28,Gone in Sixty Seconds,2000,https://boxd.it/1Y4y
2020-05-02,Baby Boy,2001,https://boxd.it/1KGS
2020-05-04,No Strings Attached,2011,https://boxd.it/YUs
2020-05-10,Star Trek: First Contact,1996,https://boxd.it/2aTo
2020-05-28,Django Unchained,2012,https://boxd.it/2cCk
2020-05-29,Ingrid Goes West,2017,https://boxd.it/evUQ
2020-05-30,Nobody's Fool,2018,https://boxd.it/iE3Y
2020-05-30,A Quiet Place,2018,https://boxd.it/fVJQ
2020-06-05,Super 8,2011,https://boxd.it/dVI
2020-06-09,13th,2016,https://boxd.it/elNg
2020-06-23,Bumblebee,2018,https://boxd.it/f21O
2020-06-28,7500,2019,https://boxd.it/iqZY
2020-07-06,Wild Wild West,1999,https://boxd.it/205y
2020-07-09,Alt-Right: Age of Rage,2018,https://boxd.it/i85e
2020-07-15,The Old Guard,2020,https://boxd.it/jY2e
2020-07-24,The Devil's Advocate,1997,https://boxd.it/286k
2020-07-30,Greyhound,2020,https://boxd.it/iIaE
2020-08-28,Clerks,1994,https://boxd.it/2706
2020-08-29,The Binge,2020,https://boxd.it/o2FM
2020-08-30,Mad As Hell,2014,https://boxd.it/7ZaY
2020-09-04,Beastie Boys Story,2020,https://boxd.it/oIW6
2020-09-05,Capone,2020,https://boxd.it/fdAU
2020-09-21,Unpregnant,2020,https://boxd.it/nrH2
2020-09-26,The Social Dilemma,2020,https://boxd.it/opQI
2020-10-23,Kursk,2018,https://boxd.it/e5PU
2020-10-24,Rebecca,2020,https://boxd.it/ighW
2020-11-01,The Wretched,2019,https://boxd.it/mmtW
2020-11-01,Bad Hair,2020,https://boxd.it/jhAC
2020-11-01,Jessabelle,2014,https://boxd.it/67wE
2020-11-11,overshare: the links.net story,2015,https://boxd.it/bYhs
2020-11-15,Please Stand By,2017,https://boxd.it/bfH6
2020-11-17,Silicon Cowboys,2016,https://boxd.it/dg9e
2020-12-07,The Queen's Gambit,2020,https://boxd.it/s1Ym
2020-12-07,Frost/Nixon,2008,https://boxd.it/1TI4
2020-12-10,Brink 2: Val's Revenge,2011,https://boxd.it/t2vi
2020-12-13,Austin Powers: International Man of Mystery,1997,https://boxd.it/29y0
2020-12-14,Boogie Nights,1997,https://boxd.it/23um
2020-12-14,Analyze This,1999,https://boxd.it/1Yr8
2020-12-16,Constantine,2005,https://boxd.it/2a7E
2020-12-19,Dirty Harry,1971,https://boxd.it/299E
2020-12-19,Bonnie and Clyde,1967,https://boxd.it/2ajg
2020-12-21,Boys State,2020,https://boxd.it/oiNW
2020-12-26,Ava,2020,https://boxd.it/jFH8
2020-12-26,The Da Vinci Code,2006,https://boxd.it/2a3i
2020-12-26,Angels & Demons,2009,https://boxd.it/1Q9K
2020-12-27,Birds of Prey (and the Fantabulous Emancipation of One Harley Quinn),2020,https://boxd.it/hSyO
2020-12-31,Steve Jobs: The Man in the Machine,2015,https://boxd.it/axnG
2021-01-02,The Color Purple,1985,https://boxd.it/29oO
2021-01-02,The Exorcist,1973,https://boxd.it/1Yoo
2021-01-02,A Star Is Born,1954,https://boxd.it/25I6
2021-01-02,The Conjuring 2,2016,https://boxd.it/7GJg
2021-01-04,War Dogs,2016,https://boxd.it/9SlO
2021-01-05,Enemy of the State,1998,https://boxd.it/1XME
2021-01-05,Best Laid Plans,1999,https://boxd.it/1GBk
2021-01-05,High Society,1956,https://boxd.it/1TSe
2021-01-05,Ad Astra,2019,https://boxd.it/ePzI
2021-01-05,The Chronicles of Riddick,2004,https://boxd.it/26iy
2021-01-07,Insomnia,2002,https://boxd.it/2aB0
2021-01-07,Brexit: The Uncivil War,2019,https://boxd.it/jwtm
2021-01-07,Risky Business,1983,https://boxd.it/1YUE
2021-01-07,Rebel Without a Cause,1955,https://boxd.it/2aQu
2021-01-07,Clash of the Titans,2010,https://boxd.it/1GfI
2021-01-07,Wrath of the Titans,2012,https://boxd.it/nlU
2021-01-07,Lovelace,2013,https://boxd.it/2H7W
2021-01-08,The Hindenburg,1975,https://boxd.it/1IoW
2021-01-08,Blade,1998,https://boxd.it/1a8A
2021-01-08,The Girl with the Dragon Tattoo,2011,https://boxd.it/2Pa
2021-01-10,Transhood,2020,https://boxd.it/pZtW
2021-01-10,Blade II,2002,https://boxd.it/1agO
2021-01-10,Baby Doll,1956,https://boxd.it/11Hc
2021-01-10,Friday Night Lights,2004,https://boxd.it/1Qdi
2021-01-10,There Will Be Blood,2007,https://boxd.it/20Z2
2021-01-11,Gangs of New York,2002,https://boxd.it/25FG
2021-01-12,Asphalt Burning,2020,https://boxd.it/ihLy
2021-01-14,All Cars Go To Heaven - Volume 1: The Washington Discovery Route,2014,https://boxd.it/8oUi
2021-01-14,All Cars Go To Heaven - Volume 2: Better Than A Horse,2015,https://boxd.it/d4qC
2021-01-18,The Departed,2006,https://boxd.it/28MA
2021-01-20,Killing Them Softly,2012,https://boxd.it/IQ
2021-01-25,Rush,2013,https://boxd.it/3lyS
2021-01-27,Munich,2005,https://boxd.it/2a0e
2021-01-27,The Bourne Supremacy,2004,https://boxd.it/26EE
2021-01-27,Mile 22,2018,https://boxd.it/bEwM
2021-01-27,Dead Poets Society,1989,https://boxd.it/2aSg
2021-01-28,Brokeback Mountain,2005,https://boxd.it/2b2q
2021-01-29,Winter's Bone,2010,https://boxd.it/14FI
2021-01-29,The Last of the Mohicans,1992,https://boxd.it/1YSo
2021-01-29,The Hitchhiker's Guide to the Galaxy,2005,https://boxd.it/20VE
2021-01-29,Last Chance Harvey,2008,https://boxd.it/1Kai
2021-01-30,The Talented Mr. Ripley,1999,https://boxd.it/2924
2021-01-30,Breach,2007,https://boxd.it/24JW
2021-01-31,Anon,2018,https://boxd.it/dTCE
2021-02-02,Lincoln,2012,https://boxd.it/2n2s
2021-02-03,Space Cowboys,2000,https://boxd.it/22W0
2021-02-05,Up in the Air,2009,https://boxd.it/1zPY
2021-02-05,Palmer,2021,https://boxd.it/gmRW
2021-02-08,Aquaman,2018,https://boxd.it/9ru0
2021-02-08,Midway,2019,https://boxd.it/iX4w
2021-02-11,Kill the Messenger,2014,https://boxd.it/7dFO
2021-02-14,The Book of Eli,2010,https://boxd.it/1Dnu
2021-02-14,Dunkirk,2017,https://boxd.it/d0Y6
2021-02-16,Angel Has Fallen,2019,https://boxd.it/eYfC
2021-02-28,Bill & Ted's Excellent Adventure,1989,https://boxd.it/28oI
2021-03-01,Taken 3,2014,https://boxd.it/7Iqq
2021-03-01,Lupe,2019,https://boxd.it/patm
2021-03-03,Hillbilly Elegy,2020,https://boxd.it/lQmY
2021-03-04,Billie Eilish: The World's a Little Blurry,2021,https://boxd.it/olni
2021-03-04,Outside the Wire,2021,https://boxd.it/taq6
2021-03-05,The Prestige,2006,https://boxd.it/293w
2021-03-08,Console Wars,2020,https://boxd.it/buaw
2021-03-09,Mission: Impossible,1996,https://boxd.it/29d2
2021-03-10,I Care a Lot,2020,https://boxd.it/mcHk
2021-05-15,State of Play,2009,https://boxd.it/1JnA
2021-05-15,Tenet,2020,https://boxd.it/leq4
2021-05-17,The Woman in the Window,2021,https://boxd.it/iT56
2021-05-21,Those Who Wish Me Dead,2021,https://boxd.it/lgeu
2021-05-25,Bad Trip,2021,https://boxd.it/lgRG
2021-05-26,Helen of Troy,2003,https://boxd.it/7cWY
2021-06-08,Galveston,2018,https://boxd.it/8Lqq
2021-06-09,Green Zone,2010,https://boxd.it/1zNS
2021-06-17,The Manchurian Candidate,2004,https://boxd.it/1O2M
2021-06-17,The Big Lebowski,1998,https://boxd.it/2b6C
2021-06-18,Master and Commander: The Far Side of the World,2003,https://boxd.it/200S
2021-07-14,Burn After Reading,2008,https://boxd.it/23BW
2021-07-15,Black Widow,2021,https://boxd.it/hWV8
2021-07-18,The Lizzie McGuire Movie,2003,https://boxd.it/1GoA
2021-07-19,Big Hero 6,2014,https://boxd.it/5rje
2021-07-19,Johnny Kapahala: Back on Board,2007,https://boxd.it/b5A
2021-07-26,Stuck in the Suburbs,2004,https://boxd.it/3QUA
2021-07-27,Confessions of a Teenage Drama Queen,2004,https://boxd.it/1UyE
2021-07-28,Now You See It...,2005,https://boxd.it/1udU
2021-08-01,Zenon: Girl of the 21st Century,1999,https://boxd.it/1djc
2021-08-03,Ice Princess,2005,https://boxd.it/1QjA
2021-08-04,Wreck-It Ralph,2012,https://boxd.it/2TTS
2021-08-04,Ralph Breaks the Internet,2018,https://boxd.it/edAy
2021-08-10,Moana,2016,https://boxd.it/8tfY
2021-08-10,Read It and Weep,2006,https://boxd.it/240M
2021-08-11,Onward,2020,https://boxd.it/io92
2021-08-12,The Vault,2021,https://boxd.it/nleI
2021-08-12,The Net,1995,https://boxd.it/28pG
2021-08-14,Kiss the Ground,2020,https://boxd.it/rF6C
2021-08-15,Captain Marvel,2019,https://boxd.it/9vSA
2021-09-02,9/11: Inside the President's War Room,2021,https://boxd.it/w2Eg
2021-09-06,CODA,2021,https://boxd.it/tbf4
2021-09-14,Kate,2021,https://boxd.it/m2qy
2021-09-15,Tru Confessions,2002,https://boxd.it/2pPw
2021-09-15,The Even Stevens Movie,2003,https://boxd.it/CPU
2021-09-17,Night at the Museum,2006,https://boxd.it/28wi
2021-09-18,Dark Phoenix,2019,https://boxd.it/anyO
2021-09-22,Come From Away,2021,https://boxd.it/rgOu
2021-09-26,The Color of Friendship,2000,https://boxd.it/3fbI
2021-09-29,Schumacher,2021,https://boxd.it/wk2k
2021-10-18,Under Siege,1992,https://boxd.it/1ZLy
2021-10-19,The Comey Rule,2020,https://boxd.it/qXTq
2021-10-22,The Guilty,2021,https://boxd.it/kOPW
2021-11-10,American Gangster,2007,https://boxd.it/23wi
2021-11-12,Replicas,2018,https://boxd.it/9yBi
2021-12-26,The Matrix Resurrections,2021,https://boxd.it/n87k
2022-01-04,No Time to Die,2021,https://boxd.it/cPX2
2022-01-07,Red Notice,2021,https://boxd.it/ixtq
2022-01-11,Body of Lies,2008,https://boxd.it/1SvS
2022-01-11,The Luck of the Irish,2001,https://boxd.it/Obs
2022-01-13,Home Sweet Home Alone,2021,https://boxd.it/om1C
2022-01-18,Hell or High Water,2016,https://boxd.it/bfGM
2022-02-08,The Last Samurai,2003,https://boxd.it/29ZA
2022-03-01,The Sum of All Fears,2002,https://boxd.it/242I
2022-03-07,Battleship,2012,https://boxd.it/QZ0
2022-03-20,Top Gun,1986,https://boxd.it/29JC
2022-03-20,Margin Call,2011,https://boxd.it/CJ8
2022-03-20,London Has Fallen,2016,https://boxd.it/814o
2022-03-20,Beirut,2018,https://boxd.it/dZyo
2022-03-20,The Hangover,2009,https://boxd.it/1GjK
2022-03-20,The Shawshank Redemption,1994,https://boxd.it/2aHi
2022-03-21,Darkest Hour,2017,https://boxd.it/dZZa
2022-03-23,The Courier,2020,https://boxd.it/iX7A
2022-04-01,Free Guy,2021,https://boxd.it/k8dm
2022-04-05,Argo,2012,https://boxd.it/2czU
2022-04-07,Sherlock Holmes: A Game of Shadows,2011,https://boxd.it/k3S
2022-04-08,The Imitation Game,2014,https://boxd.it/6aig
2022-04-09,Blade Runner 2049,2017,https://boxd.it/b8wK
2022-04-10,Michael Clayton,2007,https://boxd.it/2466
2022-04-11,Phantom Thread,2017,https://boxd.it/e4uc
2022-04-11,The Green Mile,1999,https://boxd.it/2agG
2022-04-22,Four Brothers,2005,https://boxd.it/20o6
2022-04-25,Down Periscope,1996,https://boxd.it/1Za8
2022-04-29,Fargo,1996,https://boxd.it/2aHM
2022-04-29,The Internship,2013,https://boxd.it/3SWS
