Account address,Show boosts
rainonwires@merveilles.town,true
DCLXVI@mstdn.io,true
aris@mamot.fr,true
GR36@mastodon.social,true
skobeloffworld@mas.to,true
ccrayton@mastodon.social,true
datafilesbot@botsin.space,true
welshpixie@mastodon.art,true
Aleums@octodon.social,true
valrus@icosahedron.website,true
metabolist@mastodon.social,true
eurasierboy@mastodon.social,true
sindastra@chaos.social,true
jaymcgavren@mastodon.social,true
Linux_in_a_Bit@linuxrocks.online,true
tychi@smallcamp.art,true
jayrope@mastodon.online,true
liaizon@wake.st,true
nytpu@tilde.zone,true
scearley@mastodon.art,true
argentum@mastodon.online,true
schratze@todon.nl,true
denverthelastdinosaur@mastodon.social,true
js@mstdn.io,true
MinimalistEdTech@mastodon.online,true
seachanged@mastodon.social,true
mathias@hellquist.eu,true
brennen@federation.p1k3.com,true
vortex_egg@hackers.town,true
gerald_leppert@bonn.social,true
Dashtop@mastodon.online,true
mattgade@mas.to,true
maddieprobably@mastodon.social,true
kittenlikeasmallcat@anarchism.space,true
spud@octodon.social,true
wikipediahaiku@botsin.space,true
jordanmerrick@mastodon.social,true
MattWilcox@mastodon.social,true
pth@mastodon.social,true
interocitor@mastodon.art,true
mpjeff@mastodon.social,true
faho@octodon.social,true
faizalr@mastodon.social,true
renatolond@masto.donte.com.br,true
crossposter@masto.donte.com.br,true
romina@mastodon.social,true
siege@octodon.social,true
pantransautie@mastodon.social,true
bllrdyldz@mastodon.social,true
dansup@pixelfed.social,true
brand@mastodon.social,true
jess@pixie.town,true
rgx@muensterland.social,true
Motorod@mastodon.social,true
alper@oyd.social,true
ndpi@merveilles.town,true
prehensile@tech.lgbt,true
genderoftheday@botsin.space,true
steviemcfly@skull.website,true
nev@bananachips.club,true
caranmegil@mstdn.social,true
maya@occult.institute,true
LemmyDev@mastodon.social,true
FediFollows@mastodon.online,true
watch@fediverse.network,true
noelle@elekk.xyz,true
g@nerdculture.de,true
mtk_@mastodon.social,true
tildetown@tiny.tilde.website,true
Argus@mastodon.technology,true
n0btc@dragonscave.space,true
wada@mastodon.social,true
chriswere@social.snopyta.org,true
soup_reviews@mastodon.social,true
skander@slothy.win,true
twfljeb@mstdn.social,true
allTheTyping@botsin.space,true
microscope@botsin.space,true
cms@mastodon.social,true
pythonhub@mastodon.social,true
SafetyBot@scintilla.social,true
twitter@mastodon.technology,true
snap_as@abunchtell.com,true
jakel@writing.exchange,true
eliseidenise@mastodon.social,true
kass@monads.online,true
verge_ebooks@botsin.space,true
owl@beach.city,true
defcon201@hostux.social,true
franknog@mastodon.technology,true
wikihow@mastodon.social,true
brainwane@mastodon.social,true
gardevoir@glaceon.social,true
zens@merveilles.town,true
commandandcontrol@botsin.space,true
dheadshot@mastodon.social,true
freon@trinitron.town,true
rarepublic@mastodon.social,true
horsefucker_thicc@monads.online,true
finn@surfin.dog,true
witchy@redroo.ml,true
gregf@animal.church,true
galdrakinn@godforsaken.website,true
deletgit@mastodon.social,true
kensanata@octodon.social,true
trunk@botsin.space,true
phpc@phpc.social,true
drwho@hackers.town,true
CM_jusdepatate@mastodon.social,true
steven_ovadia@writing.exchange,true
lordbowlich@hackers.town,true
kewl@efdn.club,true
alexander@animal.church,true
tychi@fosstodon.org,true
Plaster@mastodon.social,true
CalerayRsf@mastodon.social,true
borishaifa@mastodon.social,true
0hlov3@mstdn.social,true
boblyle@mastodon.social,true
kyliesomasis@mastodon.social,true
Aleums@radical.town,true
randomColorContrasts@botsin.space,true
bodega@botsin.space,true
mikestone@pixelfed.social,true
nextcloud@mastodon.xyz,true
librefree@librem.one,true
darius@friend.camp,true
ifixcoinops@mastodon.social,true
glitter_brawl@mastodon.social,true
unlofl@mastodon.technology,true
zpojqwfejwfhiunz@hackers.town,true
tsempex@mastodon.social,true
Verfassungklage@mastodon.social,true
internetwolf@chitter.xyz,true
DeltaFlood@jorts.horse,true
brogepi@radical.town,true
wandrew@godforsaken.website,true
ItsMorgan@myasstodon.xyz,true
matt_2@mastodon.social,true
SonOfFanon@fanontodon.zapto.org,true
SDF@mastodon.sdf.org,true
calebjasik@mastodon.social,true
vicorva@social.scribblers.club,true
Smithums@mastodon.social,true
JoYo@thejoyo.com,true
skateordie@mastodon.social,true
eloquence@social.coop,true
kev@fosstodon.org,true
conceitedjerk@tilde.zone,true
ccoutreach87@mastodon.social,true
Inklings@mastodon.online,true
danburzo@mastodon.social,true
ttscoff@nojack.easydns.ca,true
ZySoua@mastodon.ml,true
splash730@mastodon.online,true
Elite_Shinobi@mastodon.online,true
globcoco@mamot.fr,true
zx@mastodon.xyz,true
trevdor@toot.cafe,true
jdesrosiers@mastodon.social,true
david@mastodon.technology,true
cooper@fosstodon.org,true
blog@hub.fosstodon.org,true
brandonsjournal@fosstodon.org,true
neustadt@mamot.fr,true
markosaric@fosstodon.org,true
bstacey@icosahedron.website,true
apollo@seizemeans.com,true
cjeller@writing.exchange,true
tychi@mastodon.social,true
vulpe@mastodon.social,true
blog@simbly.me,true
dankwraith@monads.online,true
knownrobes@godforsaken.website,true
wobblysaeeda@mastodon.art,true
touk@smores.town,true
paulfree14@todon.nl,true
dockers@godforsaken.website,true
alex@godforsaken.website,true
mike@fosstodon.org,true
codl@chitter.xyz,true
NeoNacho@mastodon.social,true
geekgonecrazy@fosstodon.org,true
bryn@godforsaken.website,true
Janicew@mastodon.social,true
anthroposamu@mastodon.social,true
colinkiama@mastodon.social,true
universal_traveler@mastodon.technology,true
rmathew@mastodon.social,true
avalos@cybre.space,true
gueorgui@merveilles.town,true
xuv@merveilles.town,true
ZionSpectre@cybre.space,true
niconiconi@cybre.space,true
cypnk@mastodon.social,true
lj_writes@fandom.ink,true
Gnes@weirder.earth,true
elementary@mastodon.social,true
hasya23@jorts.horse,true
evan@skull.website,true
jasmineelm@mastodon.social,true
esvrld@octodon.social,true
Almafeta@mastodon.social,true
davidblue@fosstodon.org,true
b@writing.exchange,true
dieselgoth@mastodon.social,true
b@tilde.zone,true
db__@pixelfed.social,true
blue@linuxrocks.online,true
b@digipres.club,true
DavidBlue@pixelfed.social,true
b@peertube.video,true
davidblue@toot.cafe,true
blue@mastd.racing,true
carlosceb@mastodon.social,true
Lofenyy@mastodon.technology,true
pauho@mastodon.social,true
Rosennrott@mastodon.social,true
CrustElf@mastodon.social,true
snapas_blog@we.snap.as,true
jan@geekcompass.com,true
something@redroo.ml,true
kirjis@khat.komitea.fi,true
leo@twit.social,true
eweish@octodon.social,true
polychrome@cybre.space,true
groosha@mastodon.ml,true
goat@hellsite.site,true
nickchuckwalter@mastodon.social,true
angelsixteen@mastodon.social,true
alexandr@mastodon.social,true
melissasage@radical.town,true
red@jorts.horse,true
scots@botsin.space,true
ruglen_holon@mastodon.social,true
hightithe@cryptids.online,true
MrJimmy@mastodon.xyz,true
aparrish@friend.camp,true
funkwhale@mastodon.eliotberriot.com,true
starwall@radical.town,true
eladhen@mastodon.social,true
Ophillous@cryptids.online,true
maples@preciouslittle.life,true
garbados@toot.cat,true
coille@mastodon.social,true
twistylittlepassages@weirder.earth,true
djenderesensjuelist@sunbeam.city,true
Melisandre@queer.party,true
maggied@mastodon.social,true
feitclub@mastodon.social,true
miccaman@mastodon.social,true
ryantouk@mastodon.social,true
okalbumart@botsin.space,true
requiem@hackers.town,true
StarshineLunacy@pleroma.site,true
terilg@mastodon.social,true
Picklemaddierix@cryptids.online,true
jouns@botsin.space,true
jj@bsd.network,true
dewi@mastodon.social,true
ky0ko@cybre.space,true
iResist@mastodon.social,true
selfcare_gentle@botsin.space,true
Dayglochainsaw@efdn.club,true
wilkie@mastodon.social,true
Most_Hated@mastodon.social,true
54n74n4@mastodon-network.com,true
drfyzziks@mastodon.social,true
oolongstains@cybre.space,true
everett@skaia.space,true
half_rat@lgbtq.cool,true
jackyan@mastodon.social,true
photopuck@mastodon.social,true
AliceinCrystalTokyo@eldritch.cafe,true
jket@mastodon.technology,true
Loflyt@mastodon.social,true
citrustwee@mastodon.social,true
Andy_P@mastodon.social,true
Jonathan_br1ght@mastodon.social,true
ehsan@mastodon.social,true
SunSaint@radical.town,true
KevinTerribly@mastodon.social,true
Darkwizardjamesmason@mastodon.social,true
boogah@mastodon.social,true
hyperspacedev@mastodon.social,true
fatboy@fosstodon.org,true
dunglas@mastodon.social,true
toomuchbread@mastodon.social,true
tootapp@mastodon.social,true
Byarugaba300@mastodon.social,true
raye@sunbeam.city,true
cassidyjames@mastodon.social,true
b@bilge.world,true
matt@write.as,true
chimera@fosstodon.org,true
ChrisWere@toot.wales,true
laurie@hellsite.site,true
blue@extratone.com,true
PublicChaffinch@mastodon.social,true
brunoph@mastodon.technology,true
mastonaut@mastodon.social,true
everyhexcolor@botsin.space,true
perrine@knzk.me,true
MrsPotatoHead@mastodon.social,true
rebelyelliex@mastodon.social,true
fisk@ubuntu.social,true
wnymathguy@social.outsourcedmath.com,true
Mastodon@mastodon.social,true
neoncipher@mastodon.social,true
TeethTeethTeeth@mastodon.social,true
obliquestions@botsin.space,true
yawn@witches.live,true
st_suckerpunch@radical.town,true
pleromafeed@pleroma.site,true
Ivafakename@berries.space,true
iliana@cybre.space,true
CCTop@expshift.com,true
toilet@witches.live,true
landscape@quey.org,true
JollyAnarchist@sunbeam.city,true
jordyd@octodon.social,true
J@radical.town,true
neufv@fedi.neufv.systems,true
remulacfrommars@knzk.me,true
bijou@icosahedron.website,true
_Crescensia_@nutt.church,true
cwebber@octodon.social,true
solarkraft@mastodon.social,true
Balthazar@mastodon.social,true
yamichip@mastodon.social,true
RocketRaccoon@queer.garden,true
luciferMysticus@mst3k.interlinked.me,true
jgriebel@mastodon.social,true
kate@sunbeam.city,true
maolfunction@snaggletooth.life,true
erikstl@fosstodon.org,true
hackerfriendly@hax0rz.lol,true
lilacs@witches.live,true
aldersprig@tootplanet.space,true
tastytulip@mastodon.social,true
artieleach@mastodon.social,true
chriswere@share.tube,true
pixelfed@mstdn.io,true
fendcr@mastodon.social,true
robotz@mastodon.social,true
ihavenogenderonlyrage@mastodon.social,true
robregal@playvicious.social,true
kmarz@mastodon.art,true
peptostate@jorts.horse,true
garfield_ebooks@radical.town,true
urbanbirdbud@mastodon.social,true
Spacedrake@mastodon.social,true
garfiald@mastodon.social,true
PleaseCaption@botsin.space,true
gentlefaun@mastodon.social,true
QuestForTori@mastodon.social,true
MordecaiPinhas@sunbeam.city,true
jplebreton@mastodon.social,true
demonsthenes13@mastodon.social,true
uncrtn@blog.uncrtn.com,true
ItsJenNotGabby@twinja.club,true
kazooboy@mastodon.technology,true
lain@pleroma.soykaf.com,true
yams_gamgee@eldritch.cafe,true
phakesophia@botsin.space,true
acidburn@pleroma.site,true
pixelpaperyarn@icosahedron.website,true
cassandracomplex@mastodon.social,true
socialskeleton@cryptids.online,true
selontheweb@sunbeam.city,true
soft@onster.farm,true
conservancy@mastodon.technology,true
Are0h@playvicious.social,true
neoncoughh@mastodon.social,true
pbandkate@knzk.me,true
erosdiscordia@radical.town,true
dropbot@botsin.space,true
Morbiose@mastodon.social,true
sopan@mstdn.io,true
openscience@mastodon.social,true
Kittenfish871@jorts.horse,true
CobaltVelvet@octodon.social,true
succubus@jorts.horse,true
Minpwr@todon.nl,true
Sam@expshift.com,true
vamp@mstdn.io,true
diodelass@pleroma.ellied.net,true
casey@friend.camp,true
baldur@toot.cafe,true
nytimes@route66.social,true
EmiliaGrace@mastodon.social,true
calzonesteve@mastodon.b4yp.co.uk,true
carbontwelve@d20hero.club,true
ChrisWere@linuxrocks.online,true
panic@botsin.space,true
davidblue@radical.town,true
pizza_pal@mastodon.social,true
mrkrndvs@mastodon.cloud,true
Stokvis@mastodon.social,true
edebill@wandering.shop,true
pinafore@mastodon.technology,true
hexzero@expshift.com,true
emotionull@expshift.com,true
dogtrax@mastodon.social,true
thor@pleroma.soykaf.com,true
dev_mem@botsin.space,true
genemang@mastodon.social,true
pamela@bsd.network,true
DestinationLinux@linuxrocks.online,true
colornamesbot@botsin.space,true
some_qualia@guillotines.masto.host,true
bob@soc.freedombone.net,true
DaveHiggins@octodon.social,true
dansup@mastodon.social,true
hil@linuxrocks.online,true
visager@cybre.space,true
mazzaful@mastodon.social,true
abby@lgbtq.cool,true
ckeen@vernunftzentrum.de,true
Marcuselliott@mastodon.social,true
torgo@mastodon.social,true
stephaniewalter@mastodon.social,true
muppetbutler@knzk.me,true
djspacebunny@freeradical.zone,true
Corvusheart@mastodon.social,true
EBRecordings@mastodon.social,true
jlbee@mastodon.art,true
hellquist@mastodon.social,true
uniboxer@botsin.space,true
M0YNG@mastodon.radio,true
AndrewLewman@mastodon.is,true
kel@soc.ialis.me,true
ironfroggy@mastodon.social,true
kellyxcx@mastodon.social,true
DavidBlue@mastodon.technology,true
WAHa_06x36@mastodon.social,true
apadilla86@mastodon.social,true
TheOuterLinux@mastodon.social,true
sfthewolf@cybre.space,true
McMaNGOS@mastodon.social,true
instupendo@mastodon.cloud,true
Quasimondo@mastodon.social,true
derek@cga.graphics,true
citrusui@mastodon.social,true
Perrysalyer@mastodon.social,true
whaler_99@mastodon.social,true
stewf@mastodon.social,true
Mechazawa@mastodon.social,true
mattbuchanan@mastodon.cloud,true
boodoo@mastodon.social,true
Memotv@mastodon.social,true
warmth@mastodon.social,true
doctordake@mastodon.cloud,true
bnys@mastodon.social,true
Melli305@chaos.social,true
mancavgeek@photog.social,true
pandora_parrot@beach.city,true
nektro@mastodon.social,true
emojis@botsin.space,true
sicherpolizei@mastodon.social,true
nightietime@mastodon.social,true
pravik@mastodon.social,true
richardtape@mastodon.social,true
ellied@sleeping.town,true
Zaz@mastodon.social,true
jamey@toot.cat,true
kmill217@mastodon.social,true
tellio@mastodon.social,true
Angle@witchcraft.cafe,true
DJ_Pure_Applesauce@mastodon.social,true
wtwagg@mstdn.io,true
BigPurp@mastodon.social,true
zyx@divad.xyz,true
Syndrane@mastodon.social,true
wtwagg@mastodon.social,true
araeris@mastodon.social,true
corbin@mstdn.io,true
starfleet@qoto.org,true
deep_state_ebooks@knzk.me,true
lynnesbian@fedi.lynnesbian.space,true
jorts@botsin.space,true
Rigatonimonster@knzk.me,true
lyliawisteria@enby.club,true
wikisext@botsin.space,true
tree_bot@botsin.space,true
poem_exe@botsin.space,true
laurie@knzk.me,true
Mainebot@octodon.social,true
natecull@mastodon.social,true
sushee@mastodon.social,true
AudreyJune@radical.town,true
ChangelingRandy@mastodon.social,true
Zovi@mastodon.social,true
thomasfuchs@mastodon.social,true
ieure@mastodon.social,true
clacke@libranet.de,true
keithamus@mastodon.social,true
morganth@social.tchncs.de,true
computerywords@sleeping.town,true
caesarologia@cybre.space,true
3dobios@mastodon.social,true
Luarien@mastodon.social,true
ryanhoulihan@mastodon.social,true
LordReginold@mastodon.social,true
olivia@scholar.social,true
gaditb@sunbeam.city,true
tvaz@mastodon.social,true
firesale@mastodon.social,true
sonniesedge@mastodon.technology,true
b_cavello@mastodon.social,true
jennatar@mastodon.social,true
corbin@toot.cafe,true
BrokenBiscuit@scifi.fyi,true
brilliantshane@mastodon.social,true
quarktheawesome@tuxspace.net,true
bhtooefr@mastodon.social,true
fribbledom@mastodon.social,true
ComputerHusband@mastodon.social,true
innovationbot@sleeping.town,true
sc@awoo.space,true
aenderlara@mastodon.art,true
aaribaud@mastodon.art,true
jsalvador@mastodon.social,true
Shrak@voluntaryism.club,true
djsundog@toot-lab.reclaim.technology,true
cstanhope@social.coop,true
david_ross@mastodon.social,true
Antanicus@social.coop,true
sinvega@mastodon.social,true
officialcjunior@oldbytes.space,true
Angle@anticapitalist.party,true
frostotron@tenforward.social,true
SpankyWorks@cybre.space,true
maloki@elekk.xyz,true
Curator@mastodon.art,true
TheVoid@mastodon.art,true
thor@snabeltann.no,true
asciiglitch@botsin.space,true
readwriteas@writing.exchange,true
queernix@mastodon.social,true
NYbill@mastodon.sdf.org,true
John@glammr.us,true
pixelfed@mastodon.social,true
jk@mastodon.social,true
oboe@gs.kawa-kun.com,true
vantablack@cybre.space,true
quad@weeaboo.space,true
niko@witchcraft.cafe,true
rei@occult.camp,true
dean@uwu.social,true
masklayer@slime.global,true
pengu@mstdn.io,true
towtruckdublin@mastodon.social,true
micahflee@mastodon.social,true
qinaliu@mastodon.social,true
trwnh@mastodon.social,true
backlon@mastodon.xyz,true
fillertrack@slime.global,true
fluttergirly@chitter.xyz,true
gingerrroot@kitty.town,true
caseynewton@mastodon.social,true
megan@mastodon.xyz,true
Extratone@mastodon.social,true
revin@toot.cafe,true
wadanohara@mastodon.social,true
leo@mastodon.network,true
jonnysun@octodon.social,true
eve@mastodon.xyz,true
glitchmode@mastodon.social,true
Kasran@mastodon.social,true
LeoMarx@mastodon.social,true
theoutrider@mastodon.social,true
pleavin@mastodon.social,true
usercount@mastodon.social,true
benjaminwil@mastodon.social,true
sarahjeong@mastodon.social,true
Gargron@mastodon.social,true
petina@mastodon.social,true
kali@mastodon.social,true
wings@mastodon.social,true
the@mastodon.social,true
