Small Web,noelle@elekk.xyz
Small Web,snap_as@abunchtell.com
Small Web,mtk_@mastodon.social
iOS,eurasierboy@mastodon.social
iOS,shadowfacts@social.shadowfacts.net
iOS,tootleapp@mastodon.cloud
iOS,pth@mastodon.social
iOS,jzzocc@mastodon.social
iOS,jordanmerrick@mastodon.social
iOS,ttscoff@nojack.easydns.ca
iOS,PINE64@fosstodon.org
iOS,LinuxLounge@fosstodon.org
iOS,metabolist@mastodon.social
iOS,jamewils@mstdn.social
iOS,tootoise@mastodon.social
iOS,mercury@mastodon.technology
iOS,apps@toot.fedilab.app
Magic Realism,wilkie@mastodon.social
Magic Realism,poem_exe@botsin.space
Magic Realism,DaveHiggins@octodon.social
Magic Realism,dropbot@botsin.space
Magic Realism,panic@botsin.space
Magic Realism,Most_Hated@mastodon.social
Magic Realism,wikihow@mastodon.social
Magic Realism,tootapp@mastodon.social
Magic Realism,oolongstains@cybre.space
Magic Realism,bodega@botsin.space
Magic Realism,microscope@botsin.space
Magic Realism,deletgit@mastodon.social
Magic Realism,commandandcontrol@botsin.space
Magic Realism,genderoftheday@botsin.space
Magic Realism,landscape@quey.org
Magic Realism,lynnesbian@fedi.lynnesbian.space
Magic Realism,TeethTeethTeeth@mastodon.social
Magic Realism,Dayglochainsaw@efdn.club
Magic Realism,scots@botsin.space
Magic Realism,verge_ebooks@botsin.space
Magic Realism,wikipediahaiku@botsin.space
Magic Realism,SafetyBot@scintilla.social
Aviation,mancavgeek@photog.social
Aviation,pandora_parrot@beach.city
Aviation,neustadt@mamot.fr
Open Web,Gargron@mastodon.social
Open Web,dansup@mastodon.social
Open Web,usercount@mastodon.social
Open Web,wilkie@mastodon.social
Open Web,natecull@mastodon.social
Open Web,leo@mastodon.network
Open Web,kensanata@octodon.social
Open Web,revin@toot.cafe
Open Web,aris@mamot.fr
Open Web,DaveHiggins@octodon.social
Open Web,noelle@elekk.xyz
Open Web,CodingItWrong@mastodon.technology
Open Web,renatolond@masto.donte.com.br
Open Web,bob@soc.freedombone.net
Open Web,eladhen@mastodon.social
Open Web,snap_as@abunchtell.com
Open Web,jket@mastodon.technology
Open Web,cassidyjames@mastodon.social
Open Web,thor@pleroma.soykaf.com
Open Web,abby@lgbtq.cool
Open Web,Verfassungklage@mastodon.social
Open Web,Argus@mastodon.technology
Open Web,pth@mastodon.social
Open Web,franknog@mastodon.technology
Open Web,matt@write.as
Open Web,danburzo@mastodon.social
Open Web,darius@friend.camp
Open Web,tootapp@mastodon.social
Open Web,oolongstains@cybre.space
Open Web,jordanmerrick@mastodon.social
Open Web,trunk@botsin.space
Open Web,azuracast@fosstodon.org
Open Web,lynnesbian@fedi.lynnesbian.space
Open Web,djspacebunny@freeradical.zone
Open Web,emotionull@expshift.com
Open Web,ttscoff@nojack.easydns.ca
Open Web,gerald_leppert@bonn.social
Open Web,PINE64@fosstodon.org
Open Web,hyperspacedev@mastodon.social
Open Web,LemmyDev@mastodon.social
Open Web,unlofl@mastodon.technology
Open Web,cjeller@writing.exchange
Open Web,LinuxLounge@fosstodon.org
Open Web,celia@fosstodon.org
Open Web,jaymcgavren@mastodon.social
Open Web,brandonsjournal@fosstodon.org
Open Web,neustadt@mamot.fr
Open Web,tychi@fosstodon.org
Open Web,librefree@librem.one
Open Web,MinimalistEdTech@mastodon.online
Open Web,Linux_in_a_Bit@linuxrocks.online
Open Web,liberachat@fosstodon.org
Open Web,charlesbeadle@hostux.social
Open Web,Linus_in_a_Bit@mstdn.social
Auto,ky0ko@cybre.space
Auto,jket@mastodon.technology
Auto,raye@sunbeam.city
Auto,requiem@hackers.town
Auto,Loflyt@mastodon.social
Auto,angelsixteen@mastodon.social
Media Meta,ttscoff@nojack.easydns.ca
Hardware,ifixcoinops@mastodon.social
Hardware,PINE64@fosstodon.org
Hardware,LinuxLounge@fosstodon.org
Hardware,nytpu@tilde.zone
Hardware,skander@slothy.win
Hardware,Linux_in_a_Bit@linuxrocks.online
Hardware,Linus_in_a_Bit@mstdn.social
Creative Wellness,pth@mastodon.social
Creative Wellness,MinimalistEdTech@mastodon.online
