,,,,,,
,http://www.altx.com/ebr/ebr6/ebr6.htm,,,,,
,https://www.nytimes.com/2008/01/20/world/asia/20japan.html,,,,,
,https://www.akpress.org/behindtheblip.html,,,,,
,https://www.theparisreview.org/fiction/4830/the-conversion-of-the-jews-philip-roth,,,,,
,http://www.slate.com/blogs/normal/2016/10/11/microsoft_word_s_haters_have_it_all_wrong.html,,,,,
,https://www.nybooks.com/daily/2014/10/21/escape-microsoft-word/,,,,,
,http://ittimes.ucdavis.edu/v6n4jan98/snyder.html,,,,,
,https://tedium.co/2016/08/18/bare-metal-writing-word-processor-history/,,,,,
,http://ricardo.ecn.wfu.edu/~cottrell/wp.html#tth_sEc5,,,,,
,https://bytecellar.com/2016/06/05/a-look-back-at-three-decades-of-word-processors/,,,,,
,https://tedium.co/2016/10/04/word-processors-future,,,,,
,http://www.quickstartworkbook.com/download-a-brief-history-of-the-computer.php,,,,,
,https://theconversation.com/technology-changes-how-authors-write-but-the-big-impact-isnt-on-their-style-61955,,,,,
,http://www.computernostalgia.net/articles/HistoryofWordProcessors.htm,,,,,
,https://www.pcworld.com/article/2602862/how-to-start-blogging-with-microsoft-word.html,,,,,
,https://hyperword.blogspot.com/2018/09/word-processing-through-ages.html,,,,,
,https://web.stanford.edu/~bkunde/fb-press/articles/wdprhist.html,,,,,
,https://www.newyorker.com/magazine/2020/10/19/why-facebook-cant-fix-itself,,,,,
,http://static.500px.net/ebook/BLM-ebook.pdf,,,,,
,http://web.archive.org/web/19990221063202/http://www.hex.net/~cbbrowne/wprant.html,,,,,
,https://www.imdb.com/title/tt0109445/?ref_=fn_al_tt_1,,,,,
,https://b-ok.cc/book/2515229/b36479,,,,,
,https://www.imdb.com/title/tt0804503/,,,,,
,https://www.wepeterson.com/almostperfect/,,,,,
,https://www.hup.harvard.edu/catalog.php?isbn=9780674417076,,,,,
,https://www.theatlantic.com/magazine/archive/1945/07/as-we-may-think/303881,,,,,
,https://www.hmhbooks.com/shop/books/The-Plot-Against-America/9780358008811,,,,,
,https://thehistoryoftheweb.com/online-communities/,,,,,
,https://orbit.openlibhums.org/article/id/454/,,,,,
,https://www.theatlantic.com/ideas/archive/2019/02/religion-workism-making-americans-miserable/583441/,,,,,
,http://web.archive.org/web/20121207133810/https://www.nytimes.com/1999/02/17/business/compaq-buys-zip2-to-enhance-altavista.html,,,,,
,http://web.archive.org/web/20121224094539/http://www.nytimes.com/1992/01/27/business/compaq-set-to-introduce-2-computers.html?src=pm,,,,,
,http://web.archive.org/web/20121118051935/https://opinionator.blogs.nytimes.com/2012/11/17/how-to-live-without-irony/,,,,,
,https://www.scientology.org/how-we-help/applied-scholastics/#slide1,,,,,
,chrome-distiller://d61a37a4-19b3-46f5-b064-f06c125b8707*7c4baa89060c8e40b2c8fa05137c55203397e28afe583b622069070e35652bbd/?title=Badoo+billionaire+prepares+comeback+with+social+audio+app+Stereo&time=49960920&url=https%3A%2F%2Fwww.telegraph.co.uk%2Ftechnology%2F2020%2F11%2F01%2Fbadoo-billionaire-prepares-comeback-social-audio-app-stereo%2F,,,,,
,http://s3-us-west-2.amazonaws.com/grainnet-com/uploads/pdf/cfl393-pdf.pdf,,,,,
,https://jakelacaze.com/on-writing-simply,,,,,
,https://www.nytimes.com/2020/10/15/books/review/blockchain-chicken-farm-xiaowei-wang.html,,,,,
,https://atmos.earth/ethical-consumerism/,,,,,
,https://www.mediawiki.org/wiki/Reading/Web/Desktop_Improvements,,,,,
,https://www.theverge.com/21550815/windows-microsoft-linux-mint-laptop-how-to-switch,,,,,
,https://docs.microsoft.com/en-us/typography/,,,,,
,https://grasshoppermouse.github.io/2019/07/12/should-scientific-publishing-move-to-github-and-friends/,,,,,
,https://web.archive.org/web/20180523190053/https://www.economist.com/node/298112,,,,,
,https://archive.vn/20050419194550/http://reactor-core.org/in-microsoft-we-trust.html,,,,,
,https://cyber.harvard.edu/msdoj/,,,,,
,http://web.archive.org/web/20201101061109/https://www.nytimes.com/1996/07/16/business/tomorrow-world-wide-web-microsoft-pc-king-wants-reign-over-internet.html?pagewanted=all,,,,,
,https://web.archive.org/web/20070329064009/http://openacademy.mindef.gov.sg/openacademy/Learning%20Resources/Microsoft/words/words_4.htm,,,,,
,https://web.archive.org/web/19961019181801/http://www.businessweek.com/1996/29/b34841.htm,,,,,
,http://jonudell.net/udell/2006-12-08-a-conversation-with-jon-udell-about-his-new-job-with-microsoft.html,,,,,
,https://channel9.msdn.com/Blogs/JonUdell/Word-for-scientific-publishing?term=word&lang-en=true,,,,,
,https://www.theatlantic.com/science/archive/2018/04/the-scientific-paper-is-obsolete/556676/,,,,,
,https://www.linuxjournal.com/content/jupyter-future-open-science,,,,,
,https://journals.plos.org/plosone/article?id=10.1371/journal.pone.0127502,,,,,
,https://www.linuxjournal.com/content/linux-journal-back,,,,,
,https://thenextweb.com/apps/2014/08/19/wikiwand-makes-wikipedia-beautiful/,,,,,
,https://www.theguardian.com/books/booksblog/2014/mar/21/lorem-ipsum-translated-latin-placeholder-text,,,,,
,https://journals.plos.org/plosone/article?id=10.1371/journal.pone.0239816,,,,,
,https://journals.plos.org/plosone/article?id=10.1371/journal.pone.0201484,,,,,
,https://journals.plos.org/plosone/article?id=10.1371/journal.pone.0134389,,,,,
,https://www.pcmag.com/archive/ms-dos-turns-30-pcmags-original-interview-with-bill-gates-278114,,,,,
,https://docs.microsoft.com/en-us/archive/blogs/microsoft_blog/microsoft-makes-source-code-for-ms-dos-and-word-for-windows-available-to-public,,,,,
,https://computerhistory.org/blog/microsoft-ms-dos-early-source-code/,,,,,
,https://computerhistory.org/blog/microsoft-word-for-windows-1-1a-source-code/,,,,,
,https://spectrum.ieee.org/computing/software/did-bill-gates-steal-the-heart-of-dos,,,,,
,https://www.theverge.com/2014/3/26/5549208/microsoft-early-code-contains-hidden-jokes,,,,,
,https://www.chronicle.com/article/how-america-taught-the-world-to-write-small?cid2=gen_login_refresh&cid=gen_sign_in,,,,,
,https://nymag.com/intelligencer/article/troy-young-hearst-magazines.html,,,,,
,https://scholarworks.umass.edu/cpo/vol7/iss2/5/,,,,,
,https://whatsnewinpublishing.com/how-much-of-googles-search-traffic-is-left-for-anyone-but-themselves/,,,,,
,https://simbly.me/firefox-add-ons,,,,,
,https://www.govloop.com/community/blog/how-do-rocket-scientists-learn-aka-knowledge-management-lessons-learned-at-goddard-nasa/,,,,,
,https://publish.obsidian.md/ericgregorich/About+This+Site,,,,,
,https://www.nytimes.com/2008/09/15/technology/15google.html,,,,,
,https://news.googleblog.com/2009/12/same-protocol-more-options-for-news.html,,,,,
,https://www.cnet.com/news/google-news-to-close-up-shop-in-spain-in-response-to-new-law/,,,,,
,https://alrigh.com/google-will-begin-paying-news-publishers/,,,,,
,http://web.archive.org/web/20080627154658/http://www.informationweek.com/news/internet/showArticle.jhtml;jsessionid=PBT2QGMTUGF0AQSNDLOSKH0CJUNN2JVN?articleID=201803549&_requestid=555255,,,,,
,http://web.archive.org/web/20150909053228/http://mediashift.org/2010/02/google-news-to-publishers-lets-make-love-not-war035/,,,,,
,https://www.cjr.org/tow_center/google-news-algorithm.php,,,,,
,https://googleblog.blogspot.com/2006/01/and-now-news.html,,,,,
,http://web.archive.org/web/20030626031424/https://news.google.com/intl/en_us/about_google_news.html,,,,,
,https://academiccommons.columbia.edu/doi/10.7916/d8-sc1s-2j58,,,,,
,https://misinforeview.hks.harvard.edu/article/emphasizing-publishers-does-not-reduce-misinformation/,,,,,
,https://journals.sagepub.com/doi/full/10.1177/1461444817701318,,,,,
,https://www.tandfonline.com/doi/full/10.1080/24701475.2019.1593667?scroll=top&needAccess=true,,,,,
,https://www.zotero.org/support/dev/source_code,,,,,
,https://practicaltypography.com/system-fonts.html,,,,,
,https://capd.mit.edu/jobs-and-internships/resumes-cvs-cover-letters-and-linkedin/cvs,,,,,
,https://journals.sagepub.com/doi/full/10.1177/1461444819899879,,,,,
,https://journals.sagepub.com/doi/full/10.1177/1461444820971629?casa_token=lesFnCKJBqYAAAAA%3AsNosjs4ara_PisJIOnC-G3p_KwNFfeRp4XduHMJ6JKcimerwL_96nPRdBQsIOda1_BhkW1xAHxwxJOA,,,,,
,https://journals.sagepub.com/doi/full/10.1177/1461444820964809,,,,,
,https://journals.sagepub.com/doi/full/10.1177/1077699019876634,,,,,
,https://journals.sagepub.com/doi/full/10.1177/0267323120922069,,,,,
,https://www.sciencedirect.com/science/article/pii/S1751157718302724,,,,,
,https://www.sciencedirect.com/science/article/pii/S0164121219302596?casa_token=PeB0v8wy9HIAAAAA:BT0Wga523M4SbO1LXFzycvK9mruTeokB1_NTq31IzGtV-WWXm86eV3R_oHq_E8yAvKFO9T7grQ2C,,,,,
,https://www.aje.com/arc/making-the-choice-open-access-vs-traditional-journals/,,,,,
,https://www.nature.com/news/investigating-journals-the-dark-side-of-publishing-1.12666,,,,,
,https://www.huffingtonpost.ca/dr-madhukar-pai/predatory-open-access-journals_b_12302828.html,,,,,
,https://www.sciencedirect.com/science/article/pii/S2214782916300021,,,,,
,https://www.sciencedirect.com/science/article/pii/S1051200420301548#aep-article-footnote-id1,,,,,
,http://www.internethistorypodcast.com/2017/10/dave-winer-on-the-open-web-blogging-podcasting-and-more/#tabpanel8,,,,,
,https://blog.jingbojin.com/rename-notion-so-exported-files/,,,,,
,http://this.how/twitter/index.opml,,,,,
,https://themarkup.org/google-the-giant/2020/07/28/how-we-analyzed-google-search-results-web-assay-parsing-tool,,,,,
,https://www.vulture.com/2012/01/the-ballad-of-horse_ebooks.html,,,,,
,https://www.vulture.com/2020/11/spotify-responsible-joe-rogan.html,,,,,
,https://owl.purdue.edu/owl/research_and_citation/mla_style/mla_formatting_and_style_guide/mla_works_cited_electronic_sources.html,,,,,
,https://www.youtube.com/watch?v=AxD4mqFtySQ&ab_channel=JustinHall,,,,,
,https://hbr.org/2013/06/five-reasons-social-media-wont,,,,,
,https://journals.sagepub.com/doi/full/10.1177/1461444820968907,,,,,
,https://journals.sagepub.com/doi/full/10.1177/0267323120922066,,,,,
,https://journals.sagepub.com/doi/full/10.1177/1461444818784302,,,,,
,https://www.sciencedirect.com/science/article/pii/S0747563216307543?casa_token=F5sfvBQ0YuoAAAAA:zxyy0m3EjEt2a5vjYclHLuxsFmj1WOQRQug3LcoOQhXGMlODlgOJgVGM-oJQ1jqs4X8ZMIgxUVyk,,,,,
,https://air.unimi.it/handle/2434/629384?mode=full.1790#.X7H5-dVKhLI,,,,,
,http://dx.doi.org/10.17613/1mwy-vp43,,,,,
,https://papers.ssrn.com/sol3/papers.cfm?abstract_id=3391913,,,,,
,http://www.internethistorypodcast.com/2017/06/the-first-blog-justin-hall/,,,,,
,https://softwareengineeringdaily.com/2018/04/12/mastodon-federated-social-network-with-eugen-rochko,,,,,
,https://www.eff.org/deeplinks/2011/03/introduction-distributed-social-network,,,,,
,http://www.minot.com/tom/SocialMedia.pdf,,,,,
,https://opensource.org/docs/osd,,,,,
,https://journals.sagepub.com/doi/full/10.1177/1461444812458432?casa_token=kHAUX0MGgVAAAAAA%3AIUoTGoksx5OCLxkROeRVK0zaItbvbfg6Oho3U9LUB35MSgJ5pvLV6y0WPuJtmYJV8h9ct9OR5_WwjKQ,,,,,
,https://dare.uva.nl/personal/pure/en/publications/the-affordances-of-social-media-platforms(149a9089-49a4-454c-b935-a6ea7f2d8986).html,,,,,
,https://journals.sagepub.com/doi/full/10.1177/1461444814546451?casa_token=6s9aunZrTp0AAAAA%3AfFg9mjkZRmg950C_c80eeoxyIeFCPTDmNkXC0ef8nPNXqdo_4lslymTfZcBJWhBwqX1-3LnDr5hlN_Q,,,,,
,https://journals.sagepub.com/doi/full/10.1177/1461444814543997?casa_token=ChU2MXwDvnMAAAAA%3A63ecNqRU06g2_uN4fyjWeSM-mfDnOSeHNA2N2EUnr1-5EOSSdEEIXTUAAgUi-7GulyqpPuxgFDnoKdg,,,,,
,https://journals.sagepub.com/doi/full/10.1177/1461444820914869?casa_token=othcbkdACMUAAAAA%3AMjuHZ0ThfEh3vSDnl2IA-XPQOnk5P4W701tyTu4u0eQ6bq33QaGAQdGTlXvpME0z7UB3Y-NVQaoR6Vw,,,,,
,https://papers.ssrn.com/sol3/papers.cfm?abstract_id=2647377,,,,,
,https://www.cjr.org/tow_center_reports/platform-press-how-silicon-valley-reengineered-journalism.php,,,,,
,https://www.nytimes.com/2018/03/28/technology/social-media-privacy.html,,,,,
,https://www.npr.org/sections/thetwo-way/2018/05/01/607361849/as-facebook-shows-its-flaws-what-might-a-better-social-network-look-like,,,,,
,https://www.wired.com/2017/04/like-twitter-hate-trolls-try-mastodon/,,,,,
,https://www.theverge.com/2017/4/4/15177856/mastodon-social-network-twitter-clone,,,,,
,https://www.vice.com/en/article/783akg/mastodon-is-like-twitter-without-nazis-so-why-are-we-not-using-it,,,,,
,https://www.digitaltrends.com/features/the-history-of-social-networking/,,,,,
,https://www.vice.com/en/article/pky7km/usenet-archive-utzoo-online,,,,,
,https://www.theverge.com/2019/7/12/20691957/mastodon-decentralized-social-network-gab-migration-fediverse-app-blocking,,,,,
,https://theintercept.com/2019/04/30/helm-email-server/,,,,,
,https://www.wired.com/2005/06/how-humble-bbs-begat-wired-world/,,,,,
,http://www.bbsdocumentary.com/,,,,,
,https://www.slantmagazine.com/film/silicon-cowboys/,,,,,
,https://medium.com/redletters/resurrecting-the-compaq-computer-corporation-52aa51278efe,,,,,
,https://www.reddit.com/r/opendirectories/comments/933pzm/all_resources_i_know_related_to_open_directories/,,,,,
,https://www.pcworld.com/article/3199204/how-i-deleted-google-from-my-life.html,,,,,
,https://gigaom.com/2013/03/16/why-google-killed-off-google-reader-it-was-self-defense/,,,,,
,https://www.nytimes.com/2020/11/16/opinion/trump-religion-authoritarianism.html?utm_source=nextdraft&utm_medium=email,,,,,
,https://www.cjr.org/special_report/substackerati.php,,,,,
,https://www.earratmag.com/2020/04/vol-1-is-here.html,,,,,
,https://www.softwaresessions.com/episodes/bringing-geocities-back-with-kyle-drake/,,,,,
,https://blog.neocities.org/blog/2015/09/08/its-time-for-the-distributed-web.html,,,,,
,https://www.hostingadvice.com/blog/neocities-empowers-site-owners-to-showcase-their-creativity-online/,,,,,
,https://www.nytimes.com/interactive/2015/02/27/magazine/Netstalgia.html?mtrref=undefined&gwh=FA3985543D1EE9B3A2E9635A863E3D39&gwt=pay&assetType=PAYWALL,,,,,
,https://blog.neocities.org/blog/2015/02/27/we-are-the-future.html,,,,,
,https://www.vice.com/en/article/3daznj/theres-an-entire-conference-dedicated-to-geocities-style-websites,,,,,
,https://www.vox.com/2015/7/17/11614788/why-we-all-need-to-make-the-internet-fun-again,,,,,
,https://techcrunch.com/2015/10/04/why-the-internet-needs-ipfs-before-its-too-late/?guccounter=1&guce_referrer=aHR0cHM6Ly9pcGZzLmlvLw&guce_referrer_sig=AQAAADTNdngkS7l9q5E5p4uXP9Us19IsnpNCYkftsJRX-de0mH8yYiItMLGLyMJrub92-_2YeM9OtVRqeDQ6HHmiRLr2uHgwMa2C6TuRZPREh9hWuvAen5hLx2XyKSTzO98PY0P33O_4TEubYZXw90h8vrPI9UYAPkXcg40cJKa5JTSN,,,,,
,https://www.vice.com/en/article/78xgaq/the-interplanetary-file-system-wants-to-create-a-permanent-web,,,,,
,https://qz.com/india/338361/if-you-want-your-own-tech-company-forget-an-mba-and-learn-to-code-instead/,,,,,
,https://www.fastcompany.com/3037028/why-the-internet-is-time-traveling-back-to-1994,,,,,
,https://www.wired.com/2013/07/neocities/,,,,,
,http://web.archive.org/web/20130703035732/https://motherboard.vice.com/blog/neocities-is-recreating-the-garish-web-10-creativity-of-geocities,,,,,
,https://arstechnica.com/tech-policy/2014/05/web-host-gives-fcc-a-28-8kbps-slow-lane-in-net-neutrality-protest/,,,,,
,https://www.eff.org/cyberspace-independence,,,,,
,https://pudding.cool/process/how-to-make-dope-shit-part-2/,,,,,
,https://pudding.cool/process/how-to-make-dope-shit-part-1/,,,,,
,https://www.bouncegeek.com/switch-back-to-classic-facebook/#Switch_to_Old_Facebook_from_Groups_and_Pages,,,,,
,https://www.cjr.org/special_report/an-industry-in-flux.php,,,,,
,http://web.archive.org/web/20140613232610/https://civic.mit.edu/edward-snowden-john-perry-barlow,,,,,
,https://www.gutenberg.org/files/101/101-h/101-h.htm,,,,,
,https://cyber.harvard.edu/is99/governance/barlow.html,,,,,
,https://www.themantle.com/philosophy/edward-snowden-john-perry-barlow-and-new-american-frontier,,,,,
,https://ieeexplore.ieee.org/document/8855083,,,,,
,https://ieeexplore.ieee.org/document/7419281/keywords#keywords,,,,,
,https://ieeexplore.ieee.org/document/9095403,,,,,
,https://ieeexplore.ieee.org/document/8292838,,,,,
,https://ieeexplore.ieee.org/document/8010403/keywords#keywords,,,,,
,https://ieeexplore.ieee.org/document/8936451,,,,,
,https://ieeexplore.ieee.org/document/8786181,,,,,
,https://academiccommons.columbia.edu/doi/10.7916/d8-15pq-x415,,,,,
,https://academiccommons.columbia.edu/doi/10.7916/d8-3yvd-ee64,,,,,
,https://academiccommons.columbia.edu/doi/10.7916/D8FB6K18,,,,,
,https://academiccommons.columbia.edu/doi/10.7916/D8G160RV,,,,,
,https://academiccommons.columbia.edu/doi/10.7916/D8FB5135,,,,,
,https://academiccommons.columbia.edu/doi/10.7916/D8XG9Z7C,,,,,
,https://academiccommons.columbia.edu/doi/10.7916/d8-g8ak-zw78,,,,,
,https://academiccommons.columbia.edu/doi/10.7916/d8-7cqr-q308,,,,,
,https://academiccommons.columbia.edu/doi/10.7916/d8-5jm6-w328,,,,,
,https://academiccommons.columbia.edu/doi/10.7916/d8-a5tw-q548,,,,,
,https://academiccommons.columbia.edu/doi/10.7916/d8-drvj-wj06,,,,,
,https://academiccommons.columbia.edu/doi/10.7916/D87D4B74,,,,,
,https://academiccommons.columbia.edu/doi/10.7916/d8-nhbp-st96,,,,,
,https://academiccommons.columbia.edu/doi/10.7916/D8KP9DPJ,,,,,
,https://academiccommons.columbia.edu/doi/10.7916/D8KP9JJD,,,,,
,https://academiccommons.columbia.edu/doi/10.7916/D8K08GVB,,,,,
,https://academiccommons.columbia.edu/doi/10.7916/D8X92PRD,,,,,
,https://academiccommons.columbia.edu/doi/10.7916/D8HQ4BFD,,,,,
,https://academiccommons.columbia.edu/doi/10.7916/D8WS95VQ,,,,,
,https://academiccommons.columbia.edu/doi/10.7916/D8NC771Q,,,,,
,https://academiccommons.columbia.edu/doi/10.7916/D8280M2R,,,,,
,https://academiccommons.columbia.edu/doi/10.7916/D80G3XDJ,,,,,
,https://academiccommons.columbia.edu/doi/10.7916/D84178B2,,,,,
,https://academiccommons.columbia.edu/doi/10.7916/D86401Z7,,,,,
,https://academiccommons.columbia.edu/doi/10.7916/D8FN1JGW,,,,,
,https://academiccommons.columbia.edu/doi/10.7916/D8377N0W,,,,,
,https://academiccommons.columbia.edu/doi/10.7916/D81G0ZG1,,,,,
,https://academiccommons.columbia.edu/doi/10.7916/D8Q81RHH,,,,,
,https://academiccommons.columbia.edu/doi/10.7916/D8VM4QVD,,,,,
,https://academiccommons.columbia.edu/doi/10.7916/D8RX9C21,,,,,
,https://academiccommons.columbia.edu/doi/10.7916/D8SB5HN7,,,,,
,https://academiccommons.columbia.edu/doi/10.7916/D88S526V,,,,,
,https://academiccommons.columbia.edu/doi/10.7916/D8J67V59,,,,,
,https://academiccommons.columbia.edu/doi/10.7916/D8N01JS7,,,,,
,https://academiccommons.columbia.edu/doi/10.7916/D8FR082V,,,,,
,https://academiccommons.columbia.edu/doi/10.7916/D82F7NHC,,,,,
,https://academiccommons.columbia.edu/doi/10.7916/D85B1JG9,,,,,
,https://www.fcc.gov/general/telecommunications-act-1996,,,,,
,https://www.youtube.com/watch?v=sW4BTQFYKxA,,,,,
,https://www.poynter.org/fact-checking/2020/jack-dorsey-and-mark-zuckerberg-at-a-crossroads-on-their-companies-misinformation-policies/,,,,,
,https://www.theguardian.com/technology/live/2020/nov/17/facebook-twitter-hearing-mark-zuckerberg-jack-dorsey-congress-latest-election-news,,,,,
,https://www.metamute.org/editorial/articles/californian-ideology,,,,,
,https://www.cjr.org/tow_center_reports/constructive_technology_criticism.php,,,,,
,https://neustadt.fr/essays/against-a-user-hostile-web/,,,,,
,https://neustadt.fr/essays/the-small-web/,,,,,
,https://www.cjr.org/special_report/reporting-on-facebook.php,,,,,
,https://www.theatlantic.com/technology/archive/2015/10/raiders-of-the-lost-web/409210/,,,,,
,https://www.theverge.com/2016/4/13/11387934/internet-moderator-history-youtube-facebook-reddit-censorship-free-speech,,,,,
,https://lareviewofbooks.org/article/crisis-intimacy-age-digital-connectivity/,,,,,
,https://www.vox.com/culture/2018/9/20/17876098/twitter-chronological-timeline-back-finally,,,,,
,https://www.globalmediajournal.com/open-access/chronology-in-social-media-linear-media-and-nonlinear-postings.php?aid=87974,,,,,
,https://www.wired.com/story/facebook-is-going-after-its-critics-in-the-name-of-privacy/,,,,,
,https://www.theatlantic.com/technology/archive/2016/03/suck-webzine/473853/,,,,,
,https://www.nytimes.com/1994/11/29/science/personal-computers-the-compuserve-edge-delicate-data-balance.html,,,,,
,https://journals.library.columbia.edu/index.php/stlr/article/view/4011,,,,,
,https://about.fb.com/news/2019/10/introducing-facebook-news/,,,,,
,https://www.theverge.com/2019/10/25/20930664/facebook-news-tab-launch-united-states-test,,,,,
,https://www.wired.com/story/facebook-15-defining-moments/,,,,,
,https://about.fb.com/news/2007/11/facebook-unveils-facebook-ads/,,,,,
,https://about.fb.com/news/2007/11/facebook-ads-launches-with-12-landmark-partners/,,,,,
,https://www.facebook.com/notes/facebook/thoughts-on-beacon/7584397130/,,,,,
,http://web.archive.org/web/20181205220713/https://www.wired.com/story/uk-facebook-document-dump/,,,,,
,https://www.nytimes.com/2018/12/18/technology/facebook-privacy.html,,,,,
,https://gizmodo.com/former-facebook-workers-we-routinely-suppressed-conser-1775461006,,,,,
,https://about.fb.com/news/2020/11/community-standards-enforcement-report-nov-2020/,,,,,
,https://www.forbes.com/best/2004/0322/002_print.html,,,,,
,https://www.nytimes.com/2006/10/15/business/yourmoney/15friend.html?_r=1,,,,,
,https://arxiv.org/abs/1811.08460,,,,,
,https://www.rjionline.org/stories/whats-working-service-journalism-is-having-a-moment,,,,,
,https://www.danerickson.net/social-media-is-mostly-a-fcking-waste-of-time/,,,,,
,https://www.mdpi.com/2673-5172/1/1/1/htm,,,,,
,https://www.semanticscholar.org/paper/Bandits-Under-The-Influence-(Extended-Version)-Maniu-Ioannidis/0f698a7a7a21c7b7b9fa21234c1bd1cf50e4a323,,,,,
,https://www.popularmechanics.com/culture/web/a29643491/weird-web-design-evolution/,,,,,
,https://medium.com/coinmonks/the-case-for-a-decentralized-social-network-2683b727abf5,,,,,
,https://csarven.ca/dokieli-rww,,,,,
,https://changelog.com/podcast/204,,,,,
,https://www.digitalnewsreport.org/publications/2019/journalism-media-technology-trends-predictions-2019/#2-3-ai-and-the-newsroom,,,,,
,https://journals.sagepub.com/doi/full/10.1177/1464884916688550,,,,,
,https://medium.com/event-registry/use-of-semantic-annotation-in-news-monitoring-explained-ead7445f2b6f,,,,,
,https://www.meaningcloud.com/blog/semantic-publishing-case-study-media-industry,,,,,
,https://www.inverse.com/entertainment/g4tv-2021-kevin-pereira-adam-sessler-reunion,,,,,
,https://datasociety.net/library/weaponizing-the-digital-influence-machine/,,,,,
,https://www.technologyreview.com/2019/10/24/132228/political-war-memes-disinformation/,,,,,
,https://datasociety.net/library/source-hacking-media-manipulation-in-practice/,,,,,
,https://www.sciencedirect.com/science/article/pii/S0747563216302059,,,,,
,https://www.sciencedirect.com/science/article/pii/S095741741830215X?dgcid=raven_sd_recommender_email,,,,,
,https://journals.plos.org/plosone/article?id=10.1371/journal.pone.0032566,,,,,
,https://www.nytimes.com/1995/05/21/magazine/the-digerati.html,,,,,
,http://digitallibrary.usc.edu/cdm/ref/collection/p15799coll127/id/140615,,,,,
,https://thehistoryoftheweb.com/hissyfit/,,,,,
,https://unchainedpodcast.com/could-social-media-discontent-help-the-decentralized-web/,,,,,
,http://bsalert.com/news/2801/Parler*-\_The_Free_Speech_Fraud_And_Privacy_Nightmare.html,,,,,
,https://threadreaderapp.com/thread/1327253991936454663.html,,,,,
,https://www.newyorker.com/news/daily-comment/donald-trump-and-a-lesson-in-how-coups-fail,,,,,
,https://www.thecrimson.com/article/2004/2/9/hundreds-register-for-new-facebook-website/,,,,,
,https://www.businessinsider.com/how-mark-zuckerberg-hacked-into-the-harvard-crimson-2010-3,,,,,
,https://thebaffler.com/the-future-sucked/a-most-violent-platform-silverman,,,,,
,https://thediffpodcast.com/docs/episode-1,,,,,
,https://www.inputmag.com/culture/mark-zuckerberg-resign-from-your-role-as-ceo-of-facebook,,,,,
,https://www.gq.com/story/boy-genius-of-the-year-mark-zuckerberg-facebook,,,,,
,http://web.archive.org/web/20060911084122/http://blog.facebook.com/blog.php?post=2207967130,,,,,
,https://www.vice.com/en/article/43zak3/the-internet-was-built-on-the-free-labor-of-open-source-developers-is-that-sustainable,,,,,
,https://www.wired.com/story/decentralized-social-networks-sound-great-too-bad-theyll-never-work/,,,,,
,https://dci.mit.edu/decentralizedweb,,,,,
,https://www.chronicle.com/article/fear-of-repression-spurs-scholars-and-activists-to-build-alternate-internets/?cid2=gen_login_refresh&cid=gen_sign_in,,,,,
,https://mashable.com/2017/04/06/eugen-rochko-mastodon-interview/,,,,,
,https://www.niemanlab.org/2017/08/platforms-wield-a-worrying-amount-of-power-over-news-and-information-can-a-more-decentralized-web-help/,,,,,
,https://www.nytimes.com/2020/06/01/technology/facebook-employee-protest-trump.html,,,,,
,https://dsearls.medium.com/the-human-solution-to-facebooks-machine-produced-problems-also-won-t-work-3364656bc257,,,,,
,https://blogs.harvard.edu/doc/2012/05/23/after-facebook-fails/,,,,,
,https://www.cjr.org/analysis/facebook_and_media.php,,,,,
,https://www.cjr.org/special_report/facebook-media-buzzfeed.php,,,,,
,https://www.niemanlab.org/2019/01/the-platform-tide-is-turning/,,,,,
,https://www.codesections.com/blog/mastodon-elevator-pitch/,,,,,
,https://www.dailydot.com/debug/mastodon-fediverse-eugen-rochko/,,,,,
,https://hoodieaidakitten.dreamwidth.org/453.html,,,,,
,https://theoutline.com/post/2689/mastodon-makes-the-internet-feel-like-home-again?zd=1&zi=2nnyusoh,,,,,
,https://medium.com/@alliethehart/gameingers-are-dead-and-so-is-mastodon-705b535ed616,,,,,
,https://journals.sagepub.com/doi/abs/10.1177/1527476418796632,,,,,
,https://mashable.com/2017/04/06/how-to-get-verified-mastodon/,,,,,
,https://blog.joinmastodon.org/2017/10/mastodon-2.0/,,,,,
,https://www.theverge.com/2020/9/29/21494603/twitter-voice-tweets-more-ios-users-accessible-transcription-features,,,,,
,https://www.theverge.com/2020/6/18/21296032/twitter-audio-tweets-accessibility-volunteers,,,,,
,https://www.theinformation.com/articles/facebook-has-a-recipe-for-better-social-media-why-isnt-the-company-using-it,,,,,
,https://blog.joinmastodon.org/2018/06/if-you-could-edit-tweets/,,,,,
,https://movies2.nytimes.com/books/97/07/06/home/history-grapes.html,,,,,
,https://newrepublic.com/article/130617/american-tragedy,,,,,
,https://www.wikiwand.com/en/The_Grapes_of_Wrath,,,,,
,https://www.journalismliberty.org/publications/what-is-digital-public-infrastructure,,,,,
,https://knightcolumbia.org/content/the-case-for-digital-public-infrastructure,,,,,
,https://web.archive.org/web/20110829031427/http://www.nytimes.com/2007/05/27/arts/music/27play.html,,,,,
,https://web.archive.org/web/20080922055817/http://blogs.villagevoice.com/statusainthood/archives/2006/12/project_pat_and.php,,,,,
,https://www.theatlantic.com/entertainment/archive/2012/11/sincerity-not-irony-is-our-ages-ethos/265466/,,,,,
,https://gimletmedia.com/shows/reply-all/94h7an/86-man-of-the-people,,,,,
,https://www.theverge.com/culture/2011/11/1/2525857/2012-survival-condo-at-the-end-of-the-world,,,,,
,https://www.sjsu.edu/faculty/watkins/delriotex.htm,,,,,
,http://www.internethistorypodcast.com/2018/05/the-godfather-of-streaming-music-robert-reid/#tabpanel8,,,,,
,http://www.internethistorypodcast.com/2017/07/christina-warren-on-soundcloud/,,,,,
,http://www.internethistorypodcast.com/2018/01/venrocks-david-pakman-on-apples-music-group-n2k-emusic-and-dollar-shave-club/,,,,,
,http://www.internethistorypodcast.com/2017/08/ryan-mac-on-soundcloud/,,,,,
,http://www.internethistorypodcast.com/2017/04/the-napster-story-with-jordan-ritter/#tabpanel8,,,,,
,http://www.internethistorypodcast.com/2016/10/chamath-palihapitiya-on-facebook-aim-and-winamp/,,,,,
,http://www.internethistorypodcast.com/2016/07/compuserve-founder-jeff-wilkins/#tabpanel8,,,,,
,http://www.internethistorypodcast.com/2016/02/rob-lord-founder-of-the-internet-underground-music-archive/,,,,,
,http://www.internethistorypodcast.com/2015/07/justin-frankel-creator-of-winamp/,,,,,
,http://www.internethistorypodcast.com/2017/10/dave-winer-on-the-open-web-blogging-podcasting-and-more/,,,,,
,https://debugger.medium.com/wireless-charging-is-a-disaster-waiting-to-happen-48afdde70ed9,,,,,
,https://www.barrons.com/articles/spotifys-losses-widen-as-subscribers-keep-growing-51596034688,,,,,
,https://www.fastcompany.com/90205519/spotifys-playlist-for-global-domination,,,,,
,https://www.npr.org/2020/08/19/903547253/a-tale-of-two-ecosystems-on-bandcamp-spotify-and-the-wide-open-future,,,,,
,https://mtflabs.net/podcast076/,,,,,
,http://htmltimes.com/band-camp.php,,,,,
,https://blog.bandcamp.com/2008/09/16/hello-cleveland/,,,,,
,https://www.newyorker.com/culture/cultural-comment/a-moment-to-rethink-how-we-support-music,,,,,
,"https://pitchfork.com/thepitch/how-much-more-money-artists-earn-from-bandcamp-compared-to-spotify-apple-music-youtube/#:~:text=Founded%20in%202007%2C%20the%20company,more%20empathetic%20than%20streaming%20services",,,,,
,https://www.wired.com/story/confessions-marcus-hutchins-hacker-who-saved-the-internet/,,,,,
,https://www.pythonpodcast.com/klio-big-data-audio-pipelines-episode-292/,,,,,
,https://apnews.com/article/us-govt-states-sue-facebook-antitrust-312de23e330a318ff8d339ef38dfbc08,,,,,
,https://whatsnewinpublishing.com/2020-was-the-year-of-the-audio-renaissance/,,,,,
,https://www.theverge.com/2012/9/22/3372134/the-vergecast-047-september-21st-2012,,,,,
,https://www.theverge.com/2012/9/28/3422538/the-vergecast-048-september-27th-2012,,,,,
,https://wwii.lib.ku.edu/items/show/1429,,,,,
,https://www.wikiwand.com/en/LG_Prada,,,,,
,https://www.theverge.com/2014/9/9/6125849/iphone-history-pictures,,,,,
,https://www.pcworld.com/article/200345/Apple_Open_Letter_Tackles_iPhone_4_Antenna_Troubles.html,,,,,
,https://www.theverge.com/2012/4/14/2949043/the-vergecast-026-04-14-2012,,,,,
,"https://smartphones.gadgethacks.com/how-to/16-ways-destroy-competition-call-duty-mobile-0208047/#:~:text=In%20CoD%20Mobile%2C%20tap%20the,60%20fps%20the%20entire%20game",,,,,
,https://lawcat.berkeley.edu/record/1128876?ln=en,,,,,
,https://periscope.medium.com/farewell-periscope-164db2742b7c,,,,,
,https://www.nytimes.com/2020/12/17/opinion/sway-kara-swisher-brene-brown.html?showTranscript=1,,,,,
,https://www.theverge.com/2020/12/14/22174433/apple-ios-14-3-pro-raw-iphone-12-pro-max-update-features,,,,,
,http://allthingsd.com/20070626/the-iphone-is-breakthrough-handheld-computer/,,,,,
,https://www.newswhip.com/wp-content/uploads/2020/12/Reddit-publishing-Q4-2020-report.pdf,,,,,
,https://github.blog/2020-11-16-standing-up-for-developers-youtube-dl-is-back/,,,,,
,https://www.tenforums.com/tutorials/127857-access-wsl-linux-files-windows-10-a.html,,,,,
,https://ra.co/podcast/762,,,,,
,https://blog.google/products/search/mobile-redesign-2021,,,,,
,https://www.theverge.com/2021/1/22/22244642/google-search-mobile-redesign,,,,,
,https://www.theverge.com/22241506/samsung-galaxy-s21-ultra-review-camera-price,,,,,
,https://www.inputmag.com/reviews/galaxy-s21-ultra-review-the-iphone-12-pro-max-gets-put-to-shame,,,,,
,https://www.listennotes.com/podcasts/futureland-extratone-bUin3BME7aN/,,,,,
,https://www.theverge.com/22319527/twitter-kayvon-beykpour-interview-consumer-product-decoder,,,,,
,https://www.wired.com/2015/03/periscope/,,,,,
,https://www.nikondriver.com/nikon-coolpix-990-software/,,,,,
,https://www.dpreview.com/reviews/nikoncp990,,,,,
,http://www.steves-digicams.com/nikon990.html,,,,,
,https://www.ikelite.com/products/underwater-housing-for-nikon-coolpix-990,,,,,
,https://pages.mtu.edu/~shene/DigiCam/User-Guide/990/index.html,,,,,
,http://www.frantone.com/designwritings/design_writings.html,,,,,
,https://www.periscope.tv/about,,,,,
,https://www.cmswire.com/digital-marketing/down-periscope-twitter-discontinues-the-livestreaming-app/,,,,,
,https://consequenceofsound.net/2020/12/twitter-shutdown-periscope-2021/,,,,,
,https://www.pcmag.com/how-to/10-periscope-tips-for-live-stream-fans,,,,,
,https://techcrunch.com/2015/09/08/periscope-apple-tv/,,,,,
,https://wrongwithfreesw.neocities.org/returning-to-muckrights.html,,,,,
,https://www.platformer.news/about,,,,,
,https://www.wnycstudios.org/podcasts/radiolab/articles/queen-dying,,,,,
